{"top1_accuracy": 0.9, "top3_accuracy": 0.99, "top5_accuracy": 1.0, "precision": [0.7333333333333333, 1.0, 0.9166666666666666, 0.8947368421052632, 0.9], "recall": [0.6470588235294118, 1.0, 1.0, 0.8095238095238095, 1.0], "f1_score": [0.6875, 1.0, 0.9565217391304348, 0.8500000000000001, 0.9473684210526316], "support": [17, 22, 22, 21, 18], "confusion_matrix": [[11, 0, 2, 2, 2], [0, 22, 0, 0, 0], [0, 0, 22, 0, 0], [4, 0, 0, 17, 0], [0, 0, 0, 0, 18]], "false_negative_rate": [0.35294117647058826, 0.0, 0.0, 0.19047619047619047, 0.0], "false_positive_rate": [0.04819277108433735, 0.0, 0.02564102564102564, 0.02531645569620253, 0.024390243902439025]}