{"top1_accuracy": 0.9, "top3_accuracy": 0.98, "top5_accuracy": 1.0, "precision": [0.8666666666666667, 0.9565217391304348, 0.8695652173913043, 0.9130434782608695, 0.875], "recall": [0.7222222222222222, 0.9565217391304348, 0.9523809523809523, 1.0, 0.8235294117647058], "f1_score": [0.7878787878787877, 0.9565217391304348, 0.909090909090909, 0.9545454545454545, 0.8484848484848485], "support": [18, 23, 21, 21, 17], "confusion_matrix": [[13, 1, 2, 1, 1], [0, 22, 0, 1, 0], [0, 0, 20, 0, 1], [0, 0, 0, 21, 0], [2, 0, 1, 0, 14]], "false_negative_rate": [0.2777777777777778, 0.043478260869565216, 0.047619047619047616, 0.0, 0.17647058823529413], "false_positive_rate": [0.024390243902439025, 0.012987012987012988, 0.0379746835443038, 0.02531645569620253, 0.024096385542168676]}